Customerid,FirstName,LastName,Address,City,State,ZipCode,ContactNumber
1000,James,Butt,6649 N Blue Gum St,New Orleans,LA,70116,504-621-8927
1001,Josephine,Darakjy,4 B Blue Ridge Blvd,Brighton,MI,48116,810-292-9388
1002,Art,Venere,8 W Cerritos Ave #54,Bridgeport,NJ,8014,856-636-8749
1003,Lenna,Paprocki,639 Main St,Anchorage,AK,99501,907-385-4412
1004,Donette,Foller,34 Center St,Hamilton,OH,45011,513-570-1893
1005,Simona,Morasca,3 Mcauley Dr,Ashland,OH,44805,419-503-2484
1006,Mitsue,Tollner,7 Eads St,Chicago,IL,60632,773-573-6914
1007,Leota,Dilliard,7 W Jackson Blvd,San Jose,CA,95111,408-752-3500
1008,Sage,Wieser,5 Boston Ave #88,Sioux Falls,SD,57105,605-414-2147
1009,Kris,Marrier,228 Runamuck Pl #2808,Baltimore,MD,21224,410-655-8723
1010,Minna,Amigon,2371 Jerrold Ave,Kulpsville,PA,19443,215-874-1229
1011,Abel,Maclead,37275 St  Rt 17m M,Middle Island,NY,11953,631-335-3414
1012,Kiley,Caldarera,25 E 75th St #69,Los Angeles,CA,90034,310-498-5651
1013,Graciela,Ruta,98 Connecticut Ave Nw,Chagrin Falls,OH,44023,440-780-8425
1014,Cammy,Albares,56 E Morehead St,Laredo,TX,78045,956-537-6195
1015,Mattie,Poquette,73 State Road 434 E,Phoenix,AZ,85013,602-277-4385
1016,Meaghan,Garufi,69734 E Carrillo St,Mc Minnville,TN,37110,931-313-9635
1017,Gladys,Rim,322 New Horizon Blvd,Milwaukee,WI,53207,414-661-9598
1018,Yuki,Whobrey,1 State Route 27,Taylor,MI,48180,313-288-7937
1019,Fletcher,Flosi,394 Manchester Blvd,Rockford,IL,61109,815-828-2147
1020,Bette,Nicka,6 S 33rd St,Aston,PA,19014,610-545-3615
1021,Veronika,Inouye,6 Greenleaf Ave,San Jose,CA,95111,408-540-1785
1022,Willard,Kolmetz,618 W Yakima Ave,Irving,TX,75062,972-303-9197
1023,Maryann,Royster,74 S Westgate St,Albany,NY,12204,518-966-7987
1024,Alisha,Slusarski,3273 State St,Middlesex,NJ,8846,732-658-3154
1025,Allene,Iturbide,1 Central Ave,Stevens Point,WI,54481,715-662-6764
1026,Chanel,Caudy,86 Nw 66th St #8673,Shawnee,KS,66218,913-388-2079
1027,Ezekiel,Chui,2 Cedar Ave #84,Easton,MD,21601,410-669-1642
1028,Willow,Kusko,90991 Thorburn Ave,New York,NY,10011,212-582-4976
1029,Bernardo,Figeroa,386 9th Ave N,Conroe,TX,77301,936-336-3951
1030,Ammie,Corrio,74874 Atlantic Ave,Columbus,OH,43215,614-801-9788
1031,Francine,Vocelka,366 South Dr,Las Cruces,NM,88011,505-977-3911
1032,Ernie,Stenseth,45 E Liberty St,Ridgefield Park,NJ,7660,201-709-6245
1033,Albina,Glick,4 Ralph Ct,Dunellen,NJ,8812,732-924-7882
1034,Alishia,Sergi,2742 Distribution Way,New York,NY,10025,212-860-1579
1035,Solange,Shinko,426 Wolf St,Metairie,LA,70002,504-979-9175
1036,Jose,Stockham,128 Bransten Rd,New York,NY,10011,212-675-8570
1037,Rozella,Ostrosky,17 Morena Blvd,Camarillo,CA,93012,805-832-6163
1038,Valentine,Gillian,775 W 17th St,San Antonio,TX,78204,210-812-9597
1039,Kati,Rulapaugh,6980 Dorsett Rd,Abilene,KS,67410,785-463-7829
1040,Youlanda,Schemmer,2881 Lewis Rd,Prineville,OR,97754,541-548-8197
1041,Dyan,Oldroyd,7219 Woodfield Rd,Overland Park,KS,66204,913-413-4604
1042,Roxane,Campain,1048 Main St,Fairbanks,AK,99708,907-231-4722
1043,Lavera,Perin,678 3rd Ave,Miami,FL,33196,305-606-7291
1044,Erick,Ferencz,20 S Babcock St,Fairbanks,AK,99712,907-741-1044
1045,Fatima,Saylors,2 Lighthouse Ave,Hopkins,MN,55343,952-768-2416
1046,Jina,Briddick,38938 Park Blvd,Boston,MA,2128,617-399-5124
1047,Kanisha,Waycott,5 Tomahawk Dr,Los Angeles,CA,90006,323-453-2780
1048,Emerson,Bowley,762 S Main St,Madison,WI,53711,608-336-7444
1049,Blair,Malet,209 Decker Dr,Philadelphia,PA,19132,215-907-9111
1050,Brock,Bolognia,4486 W O St #1,New York,NY,10003,212-402-9216
1051,Lorrie,Nestle,39 S 7th St,Tullahoma,TN,37388,931-875-6644
1052,Sabra,Uyetake,98839 Hawthorne Blvd #6101,Columbia,SC,29201,803-925-5213
1053,Marjory,Mastella,71 San Mateo Ave,Wayne,PA,19087,610-814-5533
1054,Karl,Klonowski,76 Brooks St #9,Flemington,NJ,8822,908-877-6135
1055,Tonette,Wenner,4545 Courthouse Rd,Westbury,NY,11590,516-968-6051
1056,Amber,Monarrez,14288 Foster Ave #4121,Jenkintown,PA,19046,215-934-8655
1057,Shenika,Seewald,4 Otis St,Van Nuys,CA,91405,818-423-4007
1058,Delmy,Ahle,65895 S 16th St,Providence,RI,2909,401-458-2547
1059,Deeanna,Juhas,14302 Pennsylvania Ave,Huntingdon Valley,PA,19006,215-211-9589
1060,Blondell,Pugh,201 Hawk Ct,Providence,RI,2904,401-960-8259
1061,Jamal,Vanausdal,53075 Sw 152nd Ter #615,Monroe Township,NJ,8831,732-234-1546
1062,Cecily,Hollack,59 N Groesbeck Hwy,Austin,TX,78731,512-486-3817
1063,Carmelina,Lindall,2664 Lewis Rd,Littleton,CO,80126,303-724-7371
1064,Maurine,Yglesias,59 Shady Ln #53,Milwaukee,WI,53214,414-748-1374
1065,Tawna,Buvens,3305 Nabell Ave #679,New York,NY,10009,212-674-9610
1066,Penney,Weight,18 Fountain St,Anchorage,AK,99515,907-797-9628
1067,Elly,Morocco,7 W 32nd St,Erie,PA,16502,814-393-5571
1068,Ilene,Eroman,2853 S Central Expy,Glen Burnie,MD,21061,410-914-9018
1069,Vallie,Mondella,74 W College St,Boise,ID,83707,208-862-5339
1070,Kallie,Blackwood,701 S Harrison Rd,San Francisco,CA,94104,415-315-2761
1071,Johnetta,Abdallah,1088 Pinehurst St,Chapel Hill,NC,27514,919-225-9345
1072,Bobbye,Rhym,30 W 80th St #1995,San Carlos,CA,94070,650-528-5783
1073,Micaela,Rhymes,20932 Hedley St,Concord,CA,94520,925-647-3298
1074,Tamar,Hoogland,2737 Pistorio Rd #9230,London,OH,43140,740-343-8575
1075,Moon,Parlato,74989 Brandon St,Wellsville,NY,14895,585-866-8313
1076,Laurel,Reitler,6 Kains Ave,Baltimore,MD,21215,410-520-4832
1077,Delisa,Crupi,47565 W Grand Ave,Newark,NJ,7105,973-354-2040
1078,Viva,Toelkes,4284 Dorigo Ln,Chicago,IL,60647,773-446-5569
1079,Elza,Lipke,6794 Lake Dr E,Newark,NJ,7104,973-927-3447
1080,Devorah,Chickering,31 Douglas Blvd #950,Clovis,NM,88101,505-975-8559
1081,Timothy,Mulqueen,44 W 4th St,Staten Island,NY,10309,718-332-6527
1082,Arlette,Honeywell,11279 Loytan St,Jacksonville,FL,32254,904-775-4480
1083,Dominque,Dickerson,69 Marquette Ave,Hayward,CA,94545,510-993-3758
1084,Lettie,Isenhower,70 W Main St,Beachwood,OH,44122,216-657-7668
1085,Myra,Munns,461 Prospect Pl #316,Euless,TX,76040,817-914-7518
1086,Stephaine,Barfield,47154 Whipple Ave Nw,Gardena,CA,90247,310-774-7643
1087,Lai,Gato,37 Alabama Ave,Evanston,IL,60201,847-728-7286
1088,Stephen,Emigh,3777 E Richmond St #900,Akron,OH,44302,330-537-5358
1089,Tyra,Shields,3 Fort Worth Ave,Philadelphia,PA,19106,215-255-1641
1090,Tammara,Wardrip,4800 Black Horse Pike,Burlingame,CA,94010,650-803-1936
1091,Cory,Gibes,83649 W Belmont Ave,San Gabriel,CA,91776,626-572-1096
1092,Danica,Bruschke,840 15th Ave,Waco,TX,76708,254-782-8569
1093,Wilda,Giguere,1747 Calle Amanecer #2,Anchorage,AK,99501,907-870-5536
1094,Elvera,Benimadho,99385 Charity St #840,San Jose,CA,95110,408-703-8505
1095,Carma,Vanheusen,68556 Central Hwy,San Leandro,CA,94577,510-503-7169
1096,Malinda,Hochard,55 Riverside Ave,Indianapolis,IN,46202,317-722-5066
1097,Natalie,Fern,7140 University Ave,Rock Springs,WY,82901,307-704-8713
1098,Lisha,Centini,64 5th Ave #1153,Mc Lean,VA,22102,703-235-3937
1099,Arlene,Klusman,3 Secor Rd,New Orleans,LA,70112,504-710-5840
1100,Alease,Buemi,4 Webbs Chapel Rd,Boulder,CO,80303,303-301-4946
1101,Louisa,Cronauer,524 Louisiana Ave Nw,San Leandro,CA,94577,510-828-7047
1102,Angella,Cetta,185 Blackstone Bldge,Honolulu,HI,96817,808-892-7943
1103,Cyndy,Goldammer,170 Wyoming Ave,Burnsville,MN,55337,952-334-9408
1104,Rosio,Cork,4 10th St W,High Point,NC,27263,336-243-5659
1105,Celeste,Korando,7 W Pinhook Rd,Lynbrook,NY,11563,516-509-2347
1106,Twana,Felger,1 Commerce Way,Portland,OR,97224,503-939-3153
1107,Estrella,Samu,64 Lakeview Ave,Beloit,WI,53511,608-976-7199
1108,Donte,Kines,3 Aspen St,Worcester,MA,1602,508-429-8576
1109,Tiffiny,Steffensmeier,32860 Sierra Rd,Miami,FL,33133,305-385-9695
1110,Edna,Miceli,555 Main St,Erie,PA,16502,814-460-2655
1111,Sue,Kownacki,2 Se 3rd Ave,Mesquite,TX,75149,972-666-3413
1112,Jesusa,Shin,2239 Shawnee Mission Pky,Tullahoma,TN,37388,931-273-8709
1113,Rolland,Francescon,2726 Charcot Ave,Paterson,NJ,7501,973-649-2922
1114,Pamella,Schmierer,5161 Dorsett Rd,Homestead,FL,33030,305-420-8970
1115,Glory,Kulzer,55892 Jacksonville Rd,Owings Mills,MD,21117,410-224-9462
1116,Shawna,Palaspas,5 N Cleveland Massillon Rd,Thousand Oaks,CA,91362,805-275-3566
1117,Brandon,Callaro,7 Benton Dr,Honolulu,HI,96819,808-215-6832
1118,Scarlet,Cartan,9390 S Howell Ave,Albany,GA,31701,229-735-3378
1119,Oretha,Menter,8 County Center Dr #647,Boston,MA,2210,617-418-5043
1120,Ty,Smith,4646 Kaahumanu St,Hackensack,NJ,7601,201-672-1553
1121,Xuan,Rochin,2 Monroe St,San Mateo,CA,94403,650-933-5072
1122,Lindsey,Dilello,52777 Leaders Heights Rd,Ontario,CA,91761,909-639-9887
1123,Devora,Perez,72868 Blackington Ave,Oakland,CA,94606,510-955-3016
1124,Herman,Demesa,9 Norristown Rd,Troy,NY,12180,518-497-2940
1125,Rory,Papasergi,83 County Road 437 #8581,Clarks Summit,PA,18411,570-867-7489
1126,Talia,Riopelle,1 N Harlem Ave #9,Orange,NJ,7050,973-245-2133
1127,Van,Shire,90131 J St,Pittstown,NJ,8867,908-409-2890
1128,Lucina,Lary,8597 W National Ave,Cocoa,FL,32922,321-749-4981
1129,Bok,Isaacs,6 Gilson St,Bronx,NY,10468,718-809-3762
1130,Rolande,Spickerman,65 W Maple Ave,Pearl City,HI,96782,808-315-3077
1131,Howard,Paulas,866 34th Ave,Denver,CO,80231,303-623-4241
1132,Kimbery,Madarang,798 Lund Farm Way,Rockaway,NJ,7866,973-310-1634
1133,Thurman,Manno,9387 Charcot Ave,Absecon,NJ,8201,609-524-3586
1134,Becky,Mirafuentes,30553 Washington Rd,Plainfield,NJ,7062,908-877-8409
1135,Beatriz,Corrington,481 W Lemon St,Middleboro,MA,2346,508-584-4279
1136,Marti,Maybury,4 Warehouse Point Rd #7,Chicago,IL,60638,773-775-4522
1137,Nieves,Gotter,4940 Pulaski Park Dr,Portland,OR,97202,503-527-5274
1138,Leatha,Hagele,627 Walford Ave,Dallas,TX,75227,214-339-1809
1139,Valentin,Klimek,137 Pioneer Way,Chicago,IL,60604,312-303-5453
1140,Melissa,Wiklund,61 13 Stoneridge #835,Findlay,OH,45840,419-939-3613
1141,Sheridan,Zane,2409 Alabama Rd,Riverside,CA,92501,951-645-3605
1142,Bulah,Padilla,8927 Vandever Ave,Waco,TX,76707,254-463-4368
1143,Audra,Kohnert,134 Lewis Rd,Nashville,TN,37211,615-406-7854
1144,Daren,Weirather,9 N College Ave #3,Milwaukee,WI,53216,414-959-2540
1145,Fernanda,Jillson,60480 Old Us Highway 51,Preston,MD,21655,410-387-5260
1146,Gearldine,Gellinger,4 Bloomfield Ave,Irving,TX,75061,972-934-6914
1147,Chau,Kitzman,429 Tiger Ln,Beverly Hills,CA,90212,310-560-8022
1148,Theola,Frey,54169 N Main St,Massapequa,NY,11758,516-948-5768
1149,Cheryl,Haroldson,92 Main St,Atlantic City,NJ,8401,609-518-7697
1150,Laticia,Merced,72 Mannix Dr,Cincinnati,OH,45203,513-508-7371
1151,Carissa,Batman,12270 Caton Center Dr,Eugene,OR,97401,541-326-4074
1152,Lezlie,Craghead,749 W 18th St #45,Smithfield,NC,27577,919-533-3762
1153,Ozell,Shealy,8 Industry Ln,New York,NY,10002,212-332-8435
1154,Arminda,Parvis,1 Huntwood Ave,Phoenix,AZ,85017,602-906-9419
1155,Reita,Leto,55262 N French Rd,Indianapolis,IN,46240,317-234-1135
1156,Yolando,Luczki,422 E 21st St,Syracuse,NY,13214,315-304-4759
1157,Lizette,Stem,501 N 19th Ave,Cherry Hill,NJ,8002,856-487-5412
1158,Gregoria,Pawlowicz,455 N Main Ave,Garden City,NY,11530,516-212-1915
1159,Carin,Deleo,1844 Southern Blvd,Little Rock,AR,72202,501-308-1040
1160,Chantell,Maynerich,2023 Greg St,Saint Paul,MN,55101,651-591-2583
1161,Dierdre,Yum,63381 Jenks Ave,Philadelphia,PA,19134,215-325-3042
1162,Larae,Gudroe,6651 Municipal Rd,Houma,LA,70360,985-890-7262
1163,Latrice,Tolfree,81 Norris Ave #525,Ronkonkoma,NY,11779,631-957-7624
1164,Kerry,Theodorov,6916 W Main St,Sacramento,CA,95827,916-591-3277
1165,Dorthy,Hidvegi,9635 S Main St,Boise,ID,83704,208-649-2373
1166,Fannie,Lungren,17 Us Highway 111,Round Rock,TX,78664,512-587-5746
1167,Evangelina,Radde,992 Civic Center Dr,Philadelphia,PA,19123,215-964-3284
1168,Novella,Degroot,303 N Radcliffe St,Hilo,HI,96720,808-477-4775
1169,Clay,Hoa,73 Saint Ann St #86,Reno,NV,89502,775-501-8109
1170,Jennifer,Fallick,44 58th St,Wheeling,IL,60090,847-979-9545
1171,Irma,Wolfgramm,9745 W Main St,Randolph,NJ,7869,973-545-7355
1172,Eun,Coody,84 Bloomfield Ave,Spartanburg,SC,29301,864-256-3620
1173,Sylvia,Cousey,287 Youngstown Warren Rd,Hampstead,MD,21074,410-209-9545
1174,Nana,Wrinkles,6 Van Buren St,Mount Vernon,NY,10553,914-855-2115
1175,Layla,Springe,229 N Forty Driv,New York,NY,10011,212-260-3151
1176,Joesph,Degonia,2887 Knowlton St #5435,Berkeley,CA,94710,510-677-9785
1177,Annabelle,Boord,523 Marquette Ave,Concord,MA,1742,978-697-6263
1178,Stephaine,Vinning,3717 Hamann Industrial Pky,San Francisco,CA,94104,415-767-6596
1179,Nelida,Sawchuk,3 State Route 35 S,Paramus,NJ,7652,201-971-1638
1180,Marguerita,Hiatt,82 N Highway 67,Oakley,CA,94561,925-634-7158
1181,Carmela,Cookey,9 Murfreesboro Rd,Chicago,IL,60623,773-494-4195
1182,Junita,Brideau,6 S Broadway St,Cedar Grove,NJ,7009,973-943-3423
1183,Claribel,Varriano,6 Harry L Dr #6327,Perrysburg,OH,43551,419-544-4900
1184,Benton,Skursky,47939 Porter Ave,Gardena,CA,90248,310-579-2907
1185,Hillary,Skulski,9 Wales Rd Ne #914,Homosassa,FL,34448,352-242-2570
1186,Merilyn,Bayless,195 13n N,Santa Clara,CA,95054,408-758-5015
1187,Teri,Ennaco,99 Tank Farm Rd,Hazleton,PA,18201,570-889-5187
1188,Merlyn,Lawler,4671 Alemany Blvd,Jersey City,NJ,7304,201-588-7810
1189,Georgene,Montezuma,98 University Dr,San Ramon,CA,94583,925-615-5185
1190,Jettie,Mconnell,50 E Wacker Dr,Bridgewater,NJ,8807,908-802-3564
1191,Lemuel,Latzke,70 Euclid Ave #722,Bohemia,NY,11716,631-748-6479
1192,Melodie,Knipp,326 E Main St #6496,Thousand Oaks,CA,91362,805-690-1682
1193,Candida,Corbley,406 Main St,Somerville,NJ,8876,908-275-8357
1194,Karan,Karpin,3 Elmwood Dr,Beaverton,OR,97005,503-940-8327
1195,Andra,Scheyer,9 Church St,Salem,OR,97302,503-516-2189
1196,Felicidad,Poullion,9939 N 14th St,Riverton,NJ,8077,856-305-9731
1197,Belen,Strassner,5384 Southwyck Blvd,Douglasville,GA,30135,770-507-8791
1198,Gracia,Melnyk,97 Airport Loop Dr,Jacksonville,FL,32216,904-235-3633
1199,Jolanda,Hanafan,37855 Nolan Rd,Bangor,ME,4401,207-458-9196
1200,Barrett,Toyama,4252 N Washington Ave #9,Kennedale,TX,76060,817-765-5781
1201,Helga,Fredicks,42754 S Ash Ave,Buffalo,NY,14228,716-752-4114
1202,Ashlyn,Pinilla,703 Beville Rd,Opa Locka,FL,33054,305-670-9628
1203,Fausto,Agramonte,5 Harrison Rd,New York,NY,10038,212-313-1783
1204,Ronny,Caiafa,73 Southern Blvd,Philadelphia,PA,19103,215-605-7570
1205,Marge,Limmel,189 Village Park Rd,Crestview,FL,32536,850-430-1663
1206,Norah,Waymire,6 Middlegate Rd #106,San Francisco,CA,94107,415-306-7897
1207,Aliza,Baltimore,1128 Delaware St,San Jose,CA,95132,408-504-3552
1208,Mozell,Pelkowski,577 Parade St,South San Francisco,CA,94080,650-947-1215
1209,Viola,Bitsuie,70 Mechanic St,Northridge,CA,91325,818-864-4875
1210,Franklyn,Emard,4379 Highway 116,Philadelphia,PA,19103,215-558-8189
1211,Willodean,Konopacki,55 Hawthorne Blvd,Lafayette,LA,70506,337-253-8384
1212,Beckie,Silvestrini,7116 Western Ave,Dearborn,MI,48126,313-533-4884
1213,Rebecka,Gesick,2026 N Plankinton Ave #3,Austin,TX,78754,512-213-8574
1214,Frederica,Blunk,99586 Main St,Dallas,TX,75207,214-428-2285
1215,Glen,Bartolet,8739 Hudson St,Vashon,WA,98070,206-697-5796
1216,Freeman,Gochal,383 Gunderman Rd #197,Coatesville,PA,19320,610-476-3501
1217,Vincent,Meinerding,4441 Point Term Mkt,Philadelphia,PA,19143,215-372-1718
1218,Rima,Bevelacqua,2972 Lafayette Ave,Gardena,CA,90248,310-858-5079
1219,Glendora,Sarbacher,2140 Diamond Blvd,Rohnert Park,CA,94928,707-653-8214
1220,Avery,Steier,93 Redmond Rd #492,Orlando,FL,32803,407-808-9439
1221,Cristy,Lother,3989 Portage Tr,Escondido,CA,92025,760-971-4322
1222,Nicolette,Brossart,1 Midway Rd,Westborough,MA,1581,508-837-9230
1223,Tracey,Modzelewski,77132 Coon Rapids Blvd Nw,Conroe,TX,77301,936-264-9294
1224,Virgina,Tegarden,755 Harbor Way,Milwaukee,WI,53226,414-214-8697
1225,Tiera,Frankel,87 Sierra Rd,El Monte,CA,91731,626-636-4117
1226,Alaine,Bergesen,7667 S Hulen St #42,Yonkers,NY,10701,914-300-9193
1227,Earleen,Mai,75684 S Withlapopka Dr #32,Dallas,TX,75227,214-289-1973
1228,Leonida,Gobern,5 Elmwood Park Blvd,Biloxi,MS,39530,228-235-5615
1229,Ressie,Auffrey,23 Palo Alto Sq,Miami,FL,33134,305-604-8981
1230,Justine,Mugnolo,38062 E Main St,New York,NY,10048,212-304-9225
1231,Eladia,Saulter,3958 S Dupont Hwy #7,Ramsey,NJ,7446,201-474-4924
1232,Chaya,Malvin,560 Civic Center Dr,Ann Arbor,MI,48103,734-928-5182
1233,Gwenn,Suffield,3270 Dequindre Rd,Deer Park,NY,11729,631-258-6558
1234,Salena,Karpel,1 Garfield Ave #7,Canton,OH,44707,330-791-8557
1235,Yoko,Fishburne,9122 Carpenter Ave,New Haven,CT,6511,203-506-4706
1236,Taryn,Moyd,48 Lenox St,Fairfax,VA,22030,703-322-4041
1237,Katina,Polidori,5 Little River Tpke,Wilmington,MA,1887,978-626-2978
1238,Rickie,Plumer,3 N Groesbeck Hwy,Toledo,OH,43613,419-693-1334
1239,Alex,Loader,37 N Elm St #916,Tacoma,WA,98409,253-660-7821
1240,Lashon,Vizarro,433 Westminster Blvd #590,Roseville,CA,95661,916-741-7884
1241,Lauran,Burnard,66697 Park Pl #3224,Riverton,WY,82501,307-342-7795
1242,Ceola,Setter,96263 Greenwood Pl,Warren,ME,4864,207-627-7565
1243,My,Rantanen,8 Mcarthur Ln,Richboro,PA,18954,215-491-5633
1244,Lorrine,Worlds,8 Fair Lawn Ave,Tampa,FL,33614,813-769-2939
1245,Peggie,Sturiale,9 N 14th St,El Cajon,CA,92020,619-608-1763
1246,Marvel,Raymo,9 Vanowen St,College Station,TX,77840,979-718-8968
1247,Daron,Dinos,18 Waterloo Geneva Rd,Highland Park,IL,60035,847-233-3075
1248,An,Fritz,506 S Hacienda Dr,Atlantic City,NJ,8401,609-228-5265
1249,Portia,Stimmel,3732 Sherman Ave,Bridgewater,NJ,8807,908-722-7128
1250,Rhea,Aredondo,25657 Live Oak St,Brooklyn,NY,11226,718-560-9537
1251,Benedict,Sama,4923 Carey Ave,Saint Louis,MO,63104,314-787-1588
1252,Alyce,Arias,3196 S Rider Trl,Stockton,CA,95207,209-317-1801
1253,Heike,Berganza,3 Railway Ave #75,Little Falls,NJ,7424,973-936-5095
1254,Carey,Dopico,87393 E Highland Rd,Indianapolis,IN,46220,317-578-2453
1255,Dottie,Hellickson,67 E Chestnut Hill Rd,Seattle,WA,98133,206-540-6076
1256,Deandrea,Hughey,33 Lewis Rd #46,Burlington,NC,27215,336-822-7652
1257,Kimberlie,Duenas,8100 Jacksonville Rd #7,Hays,KS,67601,785-629-8542
1258,Martina,Staback,7 W Wabansia Ave #227,Orlando,FL,32822,407-471-6908
1259,Skye,Fillingim,25 Minters Chapel Rd #9,Minneapolis,MN,55401,612-508-2655
1260,Jade,Farrar,6882 Torresdale Ave,Columbia,SC,29201,803-352-5387
1261,Charlene,Hamilton,985 E 6th Ave,Santa Rosa,CA,95407,707-300-1771
1262,Geoffrey,Acey,7 West Ave #1,Palatine,IL,60067,847-222-1734
1263,Stevie,Westerbeck,26659 N 13th St,Costa Mesa,CA,92626,949-867-4077
1264,Pamella,Fortino,669 Packerland Dr #1438,Denver,CO,80212,303-404-2210
1265,Harrison,Haufler,759 Eldora St,New Haven,CT,6515,203-801-6193
1266,Johnna,Engelberg,5 S Colorado Blvd #449,Bothell,WA,98021,425-986-7573
1267,Buddy,Cloney,944 Gaither Dr,Strongsville,OH,44136,440-989-5826
1268,Dalene,Riden,66552 Malone Rd,Plaistow,NH,3865,603-315-6839
1269,Jerry,Zurcher,77 Massillon Rd #822,Satellite Beach,FL,32937,321-518-5938
1270,Haydee,Denooyer,25346 New Rd,New York,NY,10016,212-792-8658
1271,Joseph,Cryer,60 Fillmore Ave,Huntington Beach,CA,92647,714-584-2237
1272,Deonna,Kippley,57 Haven Ave #90,Southfield,MI,48075,248-913-4677
1273,Raymon,Calvaresi,6538 E Pomona St #60,Indianapolis,IN,46222,317-825-4724
1274,Alecia,Bubash,6535 Joyce St,Wichita Falls,TX,76301,940-276-7922
1275,Ma,Layous,78112 Morris Ave,North Haven,CT,6473,203-721-3388
1276,Detra,Coyier,96950 Hidden Ln,Aberdeen,MD,21001,410-739-9277
1277,Terrilyn,Rodeigues,3718 S Main St,New Orleans,LA,70130,504-463-4384
1278,Salome,Lacovara,9677 Commerce Dr,Richmond,VA,23219,804-550-5097
1279,Garry,Keetch,5 Green Pond Rd #4,Southampton,PA,18966,215-979-8776
1280,Matthew,Neither,636 Commerce Dr #42,Shakopee,MN,55379,952-651-7597
1281,Theodora,Restrepo,42744 Hamann Industrial Pky #82,Miami,FL,33136,305-936-8226
1282,Noah,Kalafatis,1950 5th Ave,Milwaukee,WI,53209,414-263-5287
1283,Carmen,Sweigard,61304 N French Rd,Somerset,NJ,8873,732-941-2621
1284,Lavonda,Hengel,87 Imperial Ct #79,Fargo,ND,58102,701-898-2154
1285,Junita,Stoltzman,94 W Dodge Rd,Carson City,NV,89701,775-638-9963
1286,Herminia,Nicolozakes,4 58th St #3519,Scottsdale,AZ,85254,602-954-5141
1287,Casie,Good,5221 Bear Valley Rd,Nashville,TN,37211,615-390-2251
1288,Reena,Maisto,9648 S Main,Salisbury,MD,21801,410-351-1863
1289,Mirta,Mallett,7 S San Marcos Rd,New York,NY,10004,212-870-1286
1290,Cathrine,Pontoriero,812 S Haven St,Amarillo,TX,79109,806-703-1435
1291,Filiberto,Tawil,3882 W Congress St #799,Los Angeles,CA,90016,323-765-2528
1292,Raul,Upthegrove,4 E Colonial Dr,La Mesa,CA,91942,619-509-5282
1293,Sarah,Candlish,45 2nd Ave #9759,Atlanta,GA,30328,770-732-1194
1294,Lucy,Treston,57254 Brickell Ave #372,Worcester,MA,1602,508-769-5250
1295,Judy,Aquas,8977 Connecticut Ave Nw #3,Niles,MI,49120,269-756-7222
1296,Yvonne,Tjepkema,9 Waydell St,Fairfield,NJ,7004,973-714-1721
1297,Kayleigh,Lace,43 Huey P Long Ave,Lafayette,LA,70508,337-740-9323
1298,Felix,Hirpara,7563 Cornwall Rd #4462,Denver,PA,17517,717-491-5643
1299,Tresa,Sweely,22 Bridle Ln,Valley Park,MO,63088,314-359-9566
1300,Kristeen,Turinetti,70099 E North Ave,Arlington,TX,76013,817-213-8851
1301,Jenelle,Regusters,3211 E Northeast Loop,Tampa,FL,33619,813-932-8715
1302,Renea,Monterrubio,26 Montgomery St,Atlanta,GA,30328,770-679-4752
1303,Olive,Matuszak,13252 Lighthouse Ave,Cathedral City,CA,92234,760-938-6069
1304,Ligia,Reiber,206 Main St #2804,Lansing,MI,48933,517-906-1108
1305,Christiane,Eschberger,96541 W Central Blvd,Phoenix,AZ,85034,602-390-4944
1306,Goldie,Schirpke,34 Saint George Ave #2,Bangor,ME,4401,207-295-7569
1307,Loreta,Timenez,47857 Coney Island Ave,Clinton,MD,20735,301-696-6420
1308,Fabiola,Hauenstein,8573 Lincoln Blvd,York,PA,17404,717-809-3119
1309,Amie,Perigo,596 Santa Maria Ave #7913,Mesquite,TX,75150,972-419-7946
1310,Raina,Brachle,3829 Ventura Blvd,Butte,MT,59701,406-318-1515
1311,Erinn,Canlas,13 S Hacienda Dr,Livingston,NJ,7039,973-767-3008
1312,Cherry,Lietz,40 9th Ave Sw #91,Waterford,MI,48329,248-980-6904
1313,Kattie,Vonasek,2845 Boulder Crescent St,Cleveland,OH,44103,216-923-3715
1314,Lilli,Scriven,33 State St,Abilene,TX,79601,325-631-1560
1315,Whitley,Tomasulo,2 S 15th St,Fort Worth,TX,76107,817-526-4408
1316,Barbra,Adkin,4 Kohler Memorial Dr,Brooklyn,NY,11230,718-201-3751
1317,Hermila,Thyberg,1 Rancho Del Mar Shopping C,Providence,RI,2903,401-893-4882
1318,Jesusita,Flister,3943 N Highland Ave,Lancaster,PA,17601,717-885-9118
1319,Caitlin,Julia,5 Williams St,Johnston,RI,2919,401-948-4982
1320,Roosevelt,Hoffis,60 Old Dover Rd,Hialeah,FL,33014,305-622-4739
1321,Helaine,Halter,8 Sheridan Rd,Jersey City,NJ,7304,201-832-4168
1322,Lorean,Martabano,85092 Southern Blvd,San Antonio,TX,78204,210-856-4979
1323,France,Buzick,64 Newman Springs Rd E,Brooklyn,NY,11219,718-478-8504
1324,Justine,Ferrario,48 Stratford Ave,Pomona,CA,91768,909-993-3242
1325,Adelina,Nabours,80 Pittsford Victor Rd #9,Cleveland,OH,44103,216-230-4892
1326,Derick,Dhamer,87163 N Main Ave,New York,NY,10013,212-304-4515
1327,Jerry,Dallen,393 Lafayette Ave,Richmond,VA,23219,804-762-9576
1328,Leota,Ragel,99 5th Ave #33,Trion,GA,30753,706-221-4243
1329,Jutta,Amyot,49 N Mays St,Broussard,LA,70518,337-515-1438
1330,Aja,Gehrett,993 Washington Ave,Nutley,NJ,7110,973-544-2677
1331,Kirk,Herritt,88 15th Ave Ne,Vestal,NY,13850,607-407-3716
1332,Leonora,Mauson,3381 E 40th Ave,Passaic,NJ,7055,973-412-2995
1333,Winfred,Brucato,201 Ridgewood Rd,Moscow,ID,83843,208-252-4552
1334,Tarra,Nachor,39 Moccasin Dr,San Francisco,CA,94104,415-411-1775
1335,Corinne,Loder,4 Carroll St,North Attleboro,MA,2760,508-942-4186
1336,Dulce,Labreche,9581 E Arapahoe Rd,Rochester,MI,48307,248-357-8718
1337,Kate,Keneipp,33 N Michigan Ave,Green Bay,WI,54301,920-353-6377
1338,Kaitlyn,Ogg,2 S Biscayne Blvd,Baltimore,MD,21230,410-665-4903
1339,Sherita,Saras,8 Us Highway 22,Colorado Springs,CO,80937,719-669-1664
1340,Lashawnda,Stuer,7422 Martin Ave #8,Toledo,OH,43607,419-588-8719
1341,Ernest,Syrop,94 Chase Rd,Hyattsville,MD,20785,301-998-9644
1342,Nobuko,Halsey,8139 I Hwy 10 #92,New Bedford,MA,2745,508-855-9887
1343,Lavonna,Wolny,5 Cabot Rd,Mc Lean,VA,22102,703-483-1970
1344,Lashaunda,Lizama,3387 Ryan Dr,Hanover,MD,21076,410-678-2473
1345,Mariann,Bilden,3125 Packer Ave #9851,Austin,TX,78753,512-223-4791
1346,Helene,Rodenberger,347 Chestnut St,Peoria,AZ,85381,623-461-8551
1347,Roselle,Estell,8116 Mount Vernon Ave,Bucyrus,OH,44820,419-571-5920
1348,Samira,Heintzman,8772 Old County Rd #5410,Kent,WA,98032,206-311-4137
1349,Margart,Meisel,868 State St #38,Cincinnati,OH,45251,513-617-2362
1350,Kristofer,Bennick,772 W River Dr,Bloomington,IN,47404,812-368-1511
1351,Weldon,Acuff,73 W Barstow Ave,Arlington Heights,IL,60004,847-353-2156
1352,Shalon,Shadrick,61047 Mayfield Ave,Brooklyn,NY,11223,718-232-2337
1353,Denise,Patak,2139 Santa Rosa Ave,Orlando,FL,32801,407-446-4358
1354,Louvenia,Beech,598 43rd St,Beverly Hills,CA,90210,310-820-2117
1355,Audry,Yaw,70295 Pioneer Ct,Brandon,FL,33511,813-797-4816
1356,Kristel,Ehmann,92899 Kalakaua Ave,El Paso,TX,79925,915-452-1290
1357,Vincenza,Zepp,395 S 6th St #2,El Cajon,CA,92020,619-603-5125
1358,Elouise,Gwalthney,9506 Edgemore Ave,Bladensburg,MD,20710,301-841-5012
1359,Venita,Maillard,72119 S Walker Ave #63,Anaheim,CA,92801,714-523-6653
1360,Kasandra,Semidey,369 Latham St #500,Saint Louis,MO,63102,314-732-9131
1361,Xochitl,Discipio,3158 Runamuck Pl,Round Rock,TX,78664,512-233-1831
1362,Maile,Linahan,9 Plainsboro Rd #598,Greensboro,NC,27409,336-670-2640
1363,Krissy,Rauser,8728 S Broad St,Coram,NY,11727,631-443-4710
1364,Pete,Dubaldi,2215 Prosperity Dr,Lyndhurst,NJ,7071,201-825-2514
1365,Linn,Paa,1 S Pine St,Memphis,TN,38112,901-412-4381
1366,Paris,Wide,187 Market St,Atlanta,GA,30342,404-505-4445
1367,Wynell,Dorshorst,94290 S Buchanan St,Pacifica,CA,94044,650-473-1262
1368,Quentin,Birkner,7061 N 2nd St,Burnsville,MN,55337,952-702-7993
1369,Regenia,Kannady,10759 Main St,Scottsdale,AZ,85260,480-726-1280
1370,Sheron,Louissant,97 E 3rd St #9,Long Island City,NY,11101,718-976-8610
1371,Izetta,Funnell,82 Winsor St #54,Atlanta,GA,30340,770-844-3447
1372,Rodolfo,Butzen,41 Steel Ct,Northfield,MN,55057,507-210-3510
1373,Zona,Colla,49440 Dearborn St,Norwalk,CT,6854,203-461-1949
1374,Serina,Zagen,7 S Beverly Dr,Fort Wayne,IN,46802,260-273-3725
1375,Paz,Sahagun,919 Wall Blvd,Meridian,MS,39307,601-927-8287
1376,Markus,Lukasik,89 20th St E #779,Sterling Heights,MI,48310,586-970-7380
1377,Jaclyn,Bachman,721 Interstate 45 S,Colorado Springs,CO,80919,719-853-3600
1378,Cyril,Daufeldt,3 Lawton St,New York,NY,10013,212-745-8484
1379,Gayla,Schnitzler,38 Pleasant Hill Rd,Hayward,CA,94545,510-686-3407
1380,Erick,Nievas,45 E Acacia Ct,Chicago,IL,60624,773-704-9903
1381,Jennie,Drymon,63728 Poway Rd #1,Scranton,PA,18509,570-218-4831
1382,Mitsue,Scipione,77 222 Dr,Oroville,CA,95965,530-986-9272
1383,Ciara,Ventura,53 W Carey St,Port Jervis,NY,12771,845-823-8877
1384,Galen,Cantres,617 Nw 36th Ave,Brook Park,OH,44142,216-600-6111
1385,Truman,Feichtner,539 Coldwater Canyon Ave,Bloomfield,NJ,7003,973-852-2736
1386,Gail,Kitty,735 Crawford Dr,Anchorage,AK,99501,907-435-9166
1387,Dalene,Schoeneck,910 Rahway Ave,Philadelphia,PA,19102,215-268-1275
1388,Gertude,Witten,7 Tarrytown Rd,Cincinnati,OH,45217,513-977-7043
1389,Lizbeth,Kohl,35433 Blake St #588,Gardena,CA,90248,310-699-1222
1390,Glenn,Berray,29 Cherry St #7073,Des Moines,IA,50315,515-370-7348
1391,Lashandra,Klang,810 N La Brea Ave,King of Prussia,PA,19406,610-809-1818
1392,Lenna,Newville,987 Main St,Raleigh,NC,27601,919-623-2524
1393,Laurel,Pagliuca,36 Enterprise St Se,Richland,WA,99352,509-695-5199
1394,Mireya,Frerking,8429 Miller Rd,Pelham,NY,10803,914-868-5965
1395,Annelle,Tagala,5 W 7th St,Parkville,MD,21234,410-757-1035
1396,Dean,Ketelsen,2 Flynn Rd,Hicksville,NY,11801,516-847-4418
1397,Levi,Munis,2094 Ne 36th Ave,Worcester,MA,1603,508-456-4907
1398,Sylvie,Ryser,649 Tulane Ave,Tulsa,OK,74105,918-644-9555
1399,Sharee,Maile,2094 Montour Blvd,Muskegon,MI,49442,231-467-9978
1400,Cordelia,Storment,393 Hammond Dr,Lafayette,LA,70506,337-566-6001
1401,Mollie,Mcdoniel,8590 Lake Lizzie Dr,Bowling Green,OH,43402,419-975-3182
1402,Brett,Mccullan,87895 Concord Rd,La Mesa,CA,91942,619-461-9984
1403,Teddy,Pedrozo,46314 Route 130,Bridgeport,CT,6610,203-892-3863
1404,Tasia,Andreason,4 Cowesett Ave,Kearny,NJ,7032,201-920-9002
1405,Hubert,Walthall,95 Main Ave #2,Barberton,OH,44203,330-903-1345
1406,Arthur,Farrow,28 S 7th St #2824,Englewood,NJ,7631,201-238-5688
1407,Vilma,Berlanga,79 S Howell Ave,Grand Rapids,MI,49546,616-737-3085
1408,Billye,Miro,36 Lancaster Dr Se,Pearl,MS,39208,601-567-5386
1409,Glenna,Slayton,2759 Livingston Ave,Memphis,TN,38118,901-640-9178
1410,Mitzie,Hudnall,17 Jersey Ave,Englewood,CO,80110,303-402-1940
1411,Bernardine,Rodefer,2 W Grand Ave,Memphis,TN,38112,901-901-4726
1412,Staci,Schmaltz,18 Coronado Ave #563,Pasadena,CA,91106,626-866-2339
1413,Nichelle,Meteer,72 Beechwood Ter,Chicago,IL,60657,773-225-9985
1414,Janine,Rhoden,92 Broadway,Astoria,NY,11103,718-228-5894
1415,Ettie,Hoopengardner,39 Franklin Ave,Richland,WA,99352,509-755-5393
1416,Eden,Jayson,4 Iwaena St,Baltimore,MD,21202,410-890-7866
1417,Lynelle,Auber,32820 Corkwood Rd,Newark,NJ,7104,973-860-8610
1418,Merissa,Tomblin,34 Raritan Center Pky,Bellflower,CA,90706,562-579-6900
1419,Golda,Kaniecki,6201 S Nevada Ave,Toms River,NJ,8755,732-628-9909
1420,Catarina,Gleich,78 Maryland Dr #146,Denville,NJ,7834,973-210-3994
1421,Virgie,Kiel,76598 Rd  I 95 #1,Denver,CO,80216,303-776-7548
1422,Jolene,Ostolaza,1610 14th St Nw,Newport News,VA,23608,757-682-7116
1423,Keneth,Borgman,86350 Roszel Rd,Phoenix,AZ,85012,602-919-4211
1424,Rikki,Nayar,1644 Clove Rd,Miami,FL,33155,305-968-9487
1425,Elke,Sengbusch,9 W Central Ave,Phoenix,AZ,85013,602-896-2993
1426,Hoa,Sarao,27846 Lafayette Ave,Oak Hill,FL,32759,386-526-7800
1427,Trinidad,Mcrae,10276 Brooks St,San Francisco,CA,94105,415-331-9634
1428,Mari,Lueckenbach,1 Century Park E,San Diego,CA,92110,858-793-9684
1429,Selma,Husser,9 State Highway 57 #22,Jersey City,NJ,7306,201-991-8369
1430,Antione,Onofrio,4 S Washington Ave,San Bernardino,CA,92410,909-430-7765
1431,Luisa,Jurney,25 Se 176th Pl,Cambridge,MA,2138,617-365-2134
1432,Clorinda,Heimann,105 Richmond Valley Rd,Escondido,CA,92025,760-291-5497
1433,Dick,Wenzinger,22 Spruce St #595,Gardena,CA,90248,310-510-9713
1434,Ahmed,Angalich,2 W Beverly Blvd,Harrisburg,PA,17110,717-528-8996
1435,Iluminada,Ohms,72 Southern Blvd,Mesa,AZ,85204,480-293-2882
1436,Joanna,Leinenbach,1 Washington St,Lake Worth,FL,33461,561-470-4574
1437,Caprice,Suell,90177 N 55th Ave,Nashville,TN,37211,615-246-1824
1438,Stephane,Myricks,9 Tower Ave,Burlington,KY,41005,859-717-7638
1439,Quentin,Swayze,278 Bayview Ave,Milan,MI,48160,734-561-6170
1440,Annmarie,Castros,80312 W 32nd St,Conroe,TX,77301,936-751-7961
1441,Shonda,Greenbush,82 Us Highway 46,Clifton,NJ,7011,973-482-2430
1442,Cecil,Lapage,4 Stovall St #72,Union City,NJ,7087,201-693-3967
1443,Jeanice,Claucherty,19 Amboy Ave,Miami,FL,33142,305-988-4162
1444,Josphine,Villanueva,63 Smith Ln #8343,Moss,TN,38575,931-553-9774
1445,Daniel,Perruzza,11360 S Halsted St,Santa Ana,CA,92705,714-771-3880
1446,Cassi,Wildfong,26849 Jefferson Hwy,Rolling Meadows,IL,60008,847-633-3216
1447,Britt,Galam,2500 Pringle Rd Se #508,Hatfield,PA,19440,215-888-3304
1448,Adell,Lipkin,65 Mountain View Dr,Whippany,NJ,7981,973-654-1561
1449,Jacqueline,Rowling,1 N San Saba,Erie,PA,16501,814-865-8113
1450,Lonny,Weglarz,51120 State Route 18,Salt Lake City,UT,84115,801-293-9853
1451,Lonna,Diestel,1482 College Ave,Fayetteville,NC,28301,910-922-3672
1452,Cristal,Samara,4119 Metropolitan Dr,Los Angeles,CA,90021,213-975-8026
1453,Kenneth,Grenet,2167 Sierra Rd,East Lansing,MI,48823,517-499-2322
1454,Elli,Mclaird,6 Sunrise Ave,Utica,NY,13501,315-818-2638
1455,Alline,Jeanty,55713 Lake City Hwy,South Bend,IN,46601,574-656-2800
1456,Sharika,Eanes,75698 N Fiesta Blvd,Orlando,FL,32806,407-312-1691
1457,Nu,Mcnease,88 Sw 28th Ter,Harrison,NJ,7029,973-751-9003
1458,Daniela,Comnick,7 Flowers Rd #403,Trenton,NJ,8611,609-200-8577
1459,Cecilia,Colaizzo,4 Nw 12th St #3849,Madison,WI,53717,608-382-4541
1460,Leslie,Threets,2 A Kelley Dr,Katonah,NY,10536,914-861-9748
1461,Nan,Koppinger,88827 Frankford Ave,Greensboro,NC,27401,336-370-5333
1462,Izetta,Dewar,2 W Scyene Rd #3,Baltimore,MD,21217,410-473-1708
1463,Tegan,Arceo,62260 Park Stre,Monroe Township,NJ,8831,732-730-2692
1464,Ruthann,Keener,3424 29th St Se,Kerrville,TX,78028,830-258-2769
1465,Joni,Breland,35 E Main St #43,Elk Grove Village,IL,60007,847-519-5906
1466,Vi,Rentfro,7163 W Clark Rd,Freehold,NJ,7728,732-605-4781
1467,Colette,Kardas,21575 S Apple Creek Rd,Omaha,NE,68124,402-896-5943
1468,Malcolm,Tromblay,747 Leonis Blvd,Annandale,VA,22003,703-221-5602
1469,Ryan,Harnos,13 Gunnison St,Plano,TX,75075,972-558-1665
1470,Jess,Chaffins,18 3rd Ave,New York,NY,10016,212-510-4633
1471,Sharen,Bourbon,62 W Austin St,Syosset,NY,11791,516-816-1541
1472,Nickolas,Juvera,177 S Rider Trl #52,Crystal River,FL,34429,352-598-8301
1473,Gary,Nunlee,2 W Mount Royal Ave,Fortville,IN,46040,317-542-6023
1474,Diane,Devreese,1953 Telegraph Rd,Saint Joseph,MO,64504,816-557-9673
1475,Roslyn,Chavous,63517 Dupont St,Jackson,MS,39211,601-234-9632
1476,Glory,Schieler,5 E Truman Rd,Abilene,TX,79602,325-869-2649
1477,Rasheeda,Sayaphon,251 Park Ave #979,Saratoga,CA,95070,408-805-4309
1478,Alpha,Palaia,43496 Commercial Dr #29,Cherry Hill,NJ,8003,856-312-2629
1479,Refugia,Jacobos,2184 Worth St,Hayward,CA,94545,510-974-8671
1480,Shawnda,Yori,50126 N Plankinton Ave,Longwood,FL,32750,407-538-5106
1481,Mona,Delasancha,38773 Gravois Ave,Cheyenne,WY,82001,307-403-1488
1482,Gilma,Liukko,16452 Greenwich St,Garden City,NY,11530,516-393-9967
1483,Janey,Gabisi,40 Cambridge Ave,Madison,WI,53715,608-967-7194
1484,Lili,Paskin,20113 4th Ave E,Kearny,NJ,7032,201-431-2989
1485,Loren,Asar,6 Ridgewood Center Dr,Old Forge,PA,18518,570-648-3035
1486,Dorothy,Chesterfield,469 Outwater Ln,San Diego,CA,92126,858-617-7834
1487,Gail,Similton,62 Monroe St,Thousand Palms,CA,92276,760-616-5388
1488,Catalina,Tillotson,3338 A Lockport Pl #6,Margate City,NJ,8402,609-373-3332
1489,Lawrence,Lorens,9 Hwy,Providence,RI,2906,401-465-6432
1490,Carlee,Boulter,8284 Hart St,Abilene,KS,67410,785-347-1805
1491,Thaddeus,Ankeny,5 Washington St #1,Roseville,CA,95678,916-920-3571
1492,Jovita,Oles,8 S Haven St,Daytona Beach,FL,32114,386-248-4118
1493,Alesia,Hixenbaugh,9 Front St,Washington,DC,20001,202-646-7516
1494,Lai,Harabedian,1933 Packer Ave #2,Novato,CA,94945,415-423-3294
1495,Brittni,Gillaspie,67 Rv Cent,Boise,ID,83709,208-709-1235
1496,Raylene,Kampa,2 Sw Nyberg Rd,Elkhart,IN,46514,574-499-1454
1497,Flo,Bookamer,89992 E 15th St,Alliance,NE,69301,308-726-2182
1498,Jani,Biddy,61556 W 20th Ave,Seattle,WA,98104,206-711-6498
1499,Chauncey,Motley,63 E Aurora Dr,Orlando,FL,32804,407-413-4842
